input1,input2,input3,input4,input5,input6,input7,input8,input9,input10,input11,input12,input13,input14,input15,input16,input17,input18,input19,input20,input21,input22,input23,input24,input25,input26,input27,input28,input29,input30,input31,input32,input33,input34,input35,input36,input37,input38,input39,input40,input41,input42,input43,input44,input45,input46,input47,input48,input49,input50,target1,target2,target3,target4,target5,target6,target7,target8,target9,target10,target11,target12,target13,target14,target15,target16,target17,target18,target19,target20,target21,target22,target23,target24,target25,target26,target27,target28,target29,target30,target31,target32,target33,target34,target35,target36,target37,target38,target39,target40,target41,target42,target43,target44,target45,target46,target47,target48,target49,target50
0.1566750202181293,0.6797292602377807,0.20551544554330414,-0.1601148740404148,0.8716473130147855,0.3943420990973876,-0.248884977425895,-0.1528860863198428,-0.39725719104904766,-0.4372433739451056,0.12939722060602832,0.7207301239199915,-0.13184336527117257,-0.2601194654707222,0.07228894273328024,-1.0,-0.22145780478342492,-0.6604327839283015,0.21594271426558032,0.6792915756562508,0.1133265215006991,-0.29168915341091506,0.7698896885567998,-0.14504813156482843,0.514026241834793,0.3735714746946124,0.5515651587225159,0.16583467207898983,0.11152293987853579,0.3787558919635008,0.004327932032216042,0.4976429917884777,-0.38829781767880356,-0.04006647918642525,-0.05738806597024704,-0.324514706980338,0.10596699555266076,0.660147525532714,-0.3059013308658065,0.10765399430824618,-0.36521283312893627,-0.4352338336780559,-0.14930518597197429,-0.027629812848163793,0.6728357737121398,-0.6428594640538957,1.0,-0.7581214611101782,0.3473413783466648,-0.24438639404081097,-0.5301494286240511,-0.009290508719276946,0.018357254949545654,-0.814286438692179,-0.17190132653340862,-0.489684733754851,0.0501866992121478,-0.2737832168507125,-1.0,-0.6213341989593529,-0.03343197554943622,-0.19643311245713346,-0.5512463774249261,-0.6552196189725876,-0.8486533650830022,0.4313297983411368,0.1786807924606102,0.5041508197163542,-0.20073850654944114,-0.45793827082053506,1.0,0.29683759861186765,-0.5693810907074863,0.5061088686938473,0.047676818711090085,-0.43351277406044486,-0.9086805276022222,-0.4728807611983452,-0.3363544133038622,-0.6332565554903324,-0.5454379735777997,-0.12671287250895447,-0.7404266937745264,0.20130823727093894,-0.3488826515654304,-0.23473709887066685,-0.6232026643920683,-0.5091566393029083,0.44893873407754015,-0.3866484939642323,0.5034803090179605,-0.00968068377501774,0.3803977338704625,0.6340518305913105,0.8622508965235995,-0.8577061464547436,-0.6953066418550405,0.32414972806789466,0.03266625060538586,-0.009210305792462736
0.3378844243362995,0.7222951528037047,0.2965958927199197,0.07446843690633376,-0.16281323577128792,-0.30075377056090635,-0.7912157323596873,0.19856203978055542,-0.1633118692478417,0.18133759676545913,-0.2587912981315472,0.6171308255316845,-0.4094820121576357,0.8040891432031212,-0.020437913362686078,-0.8558823750767852,-0.15485669469383578,-0.3769898279000392,-0.2656089008361545,-0.06001992723947236,-0.5547400947315205,-0.16929058215521542,-0.2985642814839643,0.4784694749230034,0.08572838457502607,0.5421202408366952,-0.788976002633478,0.02175249213055941,1.0,-0.5233733469588855,0.3369664224368314,0.4963836160725026,-0.16103248779484136,-0.44937797263025414,0.11309473152204852,-1.0,-0.44692202856322505,-0.4522645790241262,-0.258447064072294,0.37691937550738697,0.08904364240085783,-0.018769161566649428,0.1872376570949874,-0.3771651017896379,0.32875925546376816,-0.9098911138315038,0.4328559575528914,-0.46973072388724435,0.3989126296004353,-0.9070902547252716,-0.5914357148762133,-0.2160566307667724,0.751326793836441,0.07326429590464922,-0.24008324019151195,0.13163219118569058,0.2548702234180418,0.003401455770550621,-0.24977721160778732,-0.2505279286445703,-0.37953144567362707,-0.32099953051777386,-0.2426113294442097,-0.03414988418401421,-0.7364771100025556,0.5673726263070431,-0.45954308548595824,1.0,0.4359359523489794,-0.1078643989889776,0.7883674951574997,-0.027289055145570673,-0.3880478165531568,-0.013749781554291962,-0.17013513542010605,-0.7466458924259515,-0.15520808032651523,0.42975146069839787,0.01948216963342153,-0.23606034884447258,0.37417463313218,0.0836357696152441,-0.0619374865477651,0.28980392144745326,0.38618594088521796,-0.6001824796337978,0.16626399510492607,-0.33770513902078514,0.47903452240075706,0.033966890432774344,0.190533071944599,-0.5010497515854043,0.3239445028628074,0.18640125569964394,0.9387031843720839,-1.0,-0.13483791562507585,0.37265620467734184,-0.1024570239850251,0.2511832720546818
-0.4716125772749171,0.40131902934626273,-0.4969230100957004,-0.4065777105473378,-0.32351191810982194,0.5575594323904802,-0.7545851935631812,-0.23861724957835573,-0.7829308281967245,-0.2662235993570101,-0.902671696299835,0.5074553201474381,0.4185392732806823,0.29188595879431767,0.12340098798337285,-0.4511134772595188,-0.04343907360330712,0.33873321523168,-0.3021436408287339,-0.5365497814001192,0.2564132928005438,-0.22178476698728355,0.7294888083493363,1.0,-0.5438850652286926,-0.30615342342060514,0.7535674026805823,-0.3415365032104708,-0.03587063460844586,0.20543661495846366,0.8984175176304325,-0.39653325497637815,-1.0,-0.795147075509256,-0.7708531088518735,-0.7980595693220797,0.008602641973221692,-0.3687608587357276,-0.6138967872160317,-0.9584352901497126,-0.2949350511394818,-0.7004563628340916,0.30879067027395957,0.020314149395711967,-0.3635145166426935,-0.3424845648267346,0.10783060305160586,-0.15589408774236835,0.2760418704718386,-0.12657509526520572,0.45391333380873644,-0.20237152998849517,0.3165356929219538,-0.04689565718109023,0.4463826377107385,0.20081111458881473,-0.21342754709904743,0.11969611111242373,-1.0,-0.424506276439939,-0.657486013759478,-0.017279022215822892,-0.8088540273975511,-0.6414228140282052,-0.9378892729734792,-0.06022822126335192,-0.2879223576914023,1.0,0.47727698117977924,0.4257505725912718,0.6471985443953288,0.01372778784681139,-0.622814545580463,-0.350329272708383,-0.2779853639704304,-0.0351384821912778,-0.2090404232710531,-0.41710905358170747,-0.15180533566595644,-0.17572929315366292,-0.11253891070693456,-0.598347660159325,-0.9262460373883041,0.06947932988222827,-0.49588432002576954,0.2308392189959827,-0.08407770844401363,-0.8011990006213516,0.8344962052937797,0.01912205579431725,-0.1422696636203047,0.348822099839744,-0.1499902670843779,0.16929324961487047,0.5881629483437303,-0.8570797673784245,-0.36177638676785806,-0.354233931818525,-0.5160934423117549,0.38213884042178137
0.6427208863838287,-0.21701228645322446,0.5086520699859538,-0.2803366579812434,0.4533781620963877,0.6817330890780653,-0.29627974238396193,0.4790197831634988,-1.0,0.013621505806213907,-0.2785698032731653,0.021527494344310005,-0.41080039281960534,-0.5063311916659009,0.12433312862784196,-0.47876696535203456,0.2594495241737913,-0.845912313826816,0.16198409693943305,0.5828213546869376,1.0,-0.13823140289607372,0.5232890783999047,0.979476941223999,0.6473689413607064,0.9035433976351142,-0.4794567936525743,0.15792875445631105,0.03210041003964825,-0.010422488630415172,0.09043144483301568,-0.0880820385415022,0.15862048151611163,-0.46759184739077153,-0.5737261214274401,-0.18590062941897667,0.553203541631212,0.5288406669893428,0.17386959625389853,-0.013425126552568445,-0.06350365704080341,0.7301704089064089,-0.39926096580398407,0.49646158738974155,0.02215902936285241,0.09800713681727724,0.1342003043992639,-0.4379848881371402,-0.030201303283794667,0.3324780929583502,-0.4643903488316362,-0.2793538384180293,0.6920625767401276,-0.5425244068666254,0.43108462782521295,-0.28822998933497945,-0.4637416695721992,-0.07908027060869027,-1.0,-0.6172796180836981,-0.561744035843339,0.3208721092883038,-0.32554429668981566,-0.30566677347295357,-0.4992599689757393,0.5117632771383955,-0.29421104017833755,-0.1947348753157362,0.12276739322705121,0.27343687601541133,1.0,0.48032596163817387,-0.03608589514780303,-0.041903568781591405,0.6394296192050168,-0.5195212804302727,-0.012117260951089337,0.5227231220083786,-0.13620143564467546,-0.14226636419346517,0.4618479922140344,-0.6402631865962493,-0.11733655898178807,-0.18414356553713318,-0.6568295163145146,-0.41456758781427716,-0.6171395879236,-0.8869302648827969,0.3866859149175452,-0.20282477846786873,0.24463769528174528,-0.20340689059742245,0.20803311196848262,0.34148646009052985,0.5580709686151029,-0.30463544306778956,0.363277661940288,-0.2433682722540399,-0.37145743044096047,0.4349889835153411
0.42005714417149576,0.5058021631310019,-0.7088218198594989,-0.20474486504925427,-0.14049493883073283,0.06609226844470228,-0.3669589237759857,-0.15931923315726704,0.14276919944593258,0.23073392717910823,0.45038908311209935,-0.31799295836339503,-0.6865487203670864,-0.31028690334823683,0.7223069704726433,0.22936272590566698,0.23542890961440444,-0.12984470050284014,0.21212614791502493,0.42773947533107615,0.15010962366958625,0.2920388817394659,0.15601087849998652,-0.06993634820730532,-0.40247988498915444,0.3593883535966482,-0.28108696974853764,-0.23689717510180242,-0.1649593581870722,-0.19283423273404443,0.05979387630830568,0.5326370939031295,-0.3932872081525104,-0.5932670728927885,0.21882852911414874,-0.10981236953861229,0.09524906409167078,-1.0,0.5621919123789658,-0.22464995590097592,-0.32908040634064284,0.1607295407274496,-0.0488892657232628,0.20954617836560496,0.09643553026519536,-0.5668917075643751,-0.20034564117589215,1.0,0.1971226925038192,-0.010107528751984618,-0.5415967788060079,0.7521188559851051,0.26390044154454984,0.041663021779976495,-0.10851664424628094,0.33604153638655965,-0.9326432832254522,-0.573666814602183,-0.5759560248978504,0.1760803028129132,0.18489058858933016,-0.5157226537668744,0.12724667672920265,-0.12166024446072321,-1.0,-0.21547267782334678,-0.014487273030025283,0.7810810951712941,-0.014649751433663427,-0.05579191594572985,0.7613448722885077,0.7824663482606249,-0.22859819009921578,-0.41728948101549446,-0.032174297378837036,-0.25994411714579824,-0.9668257397480395,0.017005287879298114,-0.05369003512889858,0.1632030420152124,-0.3990103602944066,-0.8505983525225336,0.06276781925880015,0.20223948414314452,0.16929552757459687,0.44974290564763963,-0.13257979310920753,-0.7488207740170296,0.14242182379352908,-0.15577386887624556,0.693301151225048,-0.6882020644596698,0.25771987887811654,0.9842159132944277,1.0,-0.8962133509326778,-0.3027911928474276,0.7583881099171881,-0.09374661940994056,0.8296782038150199
0.14448111003341202,0.47243324999402825,0.4287253916203517,-0.18700132190899654,-0.13094831349145264,0.10995794195954445,0.2542117093853684,-0.27090523206686645,-1.0,0.11728493202618084,-0.11364388613812082,0.32992696783470365,0.48585010368993253,0.485652831029618,0.3807316027177057,-0.5306508743611336,0.18930220331523806,-0.14920912441853362,0.35886777119807456,-0.140221774587024,-0.2924369245338372,0.29246616409038095,-0.17682884898757045,0.7630556846607961,0.08614518461136544,0.44045267469975546,-0.053780807269519615,0.04932319950112318,0.5863740173753846,0.25454071906943576,-0.0989388606258379,0.7309575652590607,0.2651986555359398,-0.4352158190294796,-0.2763753234369217,-0.0717833779002175,-0.1771349145932719,-0.04358413956186635,-0.4706636175220772,-0.32269481755076324,-0.14455897481421498,-0.07021624104846413,0.060724404443842195,0.2839070059520874,0.9022588932442481,-0.6078863491182311,1.0,-0.4074718939378539,0.3867823681275482,-0.21566541922592575,0.3004376264675108,-0.06970214014018916,0.43000018775134663,-0.018387480156874747,0.026986740714768143,0.10844140992627138,-0.6874746928838518,-0.5654145139457647,-1.0,-0.819951974748754,0.5638285580045366,0.8200263511537471,-0.38878172724882576,0.20519166865182603,0.21593788684200454,0.07003753954872405,0.4911343901827452,0.919903754609587,0.806671463446961,0.8587152974381045,0.2988664983897589,0.5372971424421813,0.3090256820010573,0.16308640434422617,0.4733128531929376,0.28231323370908457,-0.8020594998945635,0.004940386550676301,0.07552169007326426,-0.5633651831875015,-0.5323829588588092,-0.9438527650472972,0.3926977193854926,-0.041574013298257606,0.7009524712729556,0.7669255944322642,-0.2790936546506677,-0.7711456729695889,0.8595486424416079,-0.2365455655558647,0.22813906026171482,-0.006995444829536068,0.2777720602382474,0.9033393102596734,0.8951519665129319,-0.3423105164659561,0.018958851904724572,1.0,0.8637272553252171,0.5082560084902255
0.1739693077054787,0.7295865590486541,-0.36813578749829745,0.17065073084393023,-0.04576058476803513,0.3041705063323681,-0.5896224230160501,0.17434543932013136,-0.09144432755860488,0.10826490974508318,0.0542227302261884,-0.1607915675725078,-0.4264452036786033,-0.7671811277323115,0.5271474159184413,0.14432775265940068,-0.012352497688548292,-0.025497524833962726,0.42002910272145777,0.3701704133355044,0.3460557048948203,-0.3118116575373523,0.268102744874821,0.24067511166942102,-0.0012066899254264962,0.19490394329857974,-0.591576044660863,-0.24455743725845902,-0.3135904585459647,-0.014187712600901015,-0.07605958996400308,0.3177388340962459,-0.125301193873944,0.023350653922844078,-0.32848403355607325,0.09022278945936768,-0.10180549768463476,-1.0,0.28255497024537335,-0.15603712880553866,-0.1188952051910056,-0.04828924972916304,-0.1455976084385755,-0.25682300008497105,0.23214606591813647,-0.12451075315304794,-0.08456711917545989,1.0,0.17495209586071914,-0.08292423269833016,-0.5415967788060079,0.7521188559851051,0.26390044154454984,0.041663021779976495,-0.10851664424628094,0.33604153638655965,-0.9326432832254522,-0.573666814602183,-0.5759560248978504,0.1760803028129132,0.18489058858933016,-0.5157226537668744,0.12724667672920265,-0.12166024446072321,-1.0,-0.21547267782334678,-0.014487273030025283,0.7810810951712941,-0.014649751433663427,-0.05579191594572985,0.7613448722885077,0.7824663482606249,-0.22859819009921578,-0.41728948101549446,-0.032174297378837036,-0.25994411714579824,-0.9668257397480395,0.017005287879298114,-0.05369003512889858,0.1632030420152124,-0.3990103602944066,-0.8505983525225336,0.06276781925880015,0.20223948414314452,0.16929552757459687,0.44974290564763963,-0.13257979310920753,-0.7488207740170296,0.14242182379352908,-0.15577386887624556,0.693301151225048,-0.6882020644596698,0.25771987887811654,0.9842159132944277,1.0,-0.8962133509326778,-0.3027911928474276,0.7583881099171881,-0.09374661940994056,0.8296782038150199
0.8117280268815572,-0.10971571520161782,0.01905787569758055,-0.5488782094540359,0.43933238297387356,0.1938523485196808,0.16251101201829865,-0.3920072559297968,-0.30617685610882817,-0.22312361435228545,-0.37786082148043765,-0.02037344607763436,-0.27402038091113023,-0.6343796250278821,-0.041459680182047376,-0.42055322635717673,0.1709107988518046,-0.7868642752918296,0.060868834836300456,0.5475637352403342,1.0,-0.4444944736429677,0.551713759536494,0.2811211783187242,0.41692866087754576,0.16517773241058764,-0.25969532569555964,-0.6526979833896147,0.16392356105077321,0.12116016078986491,0.40477492378277224,0.31202828042595954,-0.023270570457673112,-0.31314817701922903,-0.04185140540078758,-0.748767825358867,-0.08206276272832225,0.736640487688671,-0.2683187287973352,-0.26008903019600726,-0.4307947085258822,0.5613090126324314,-0.22887967122438557,-0.2119657061128345,0.35767675213933403,-0.6543256475922536,0.39143379347531404,-1.0,0.11780008926694308,-0.17380983880050005,-0.2577133302697948,-0.15400722111844756,0.5390180548308177,-0.699591018224083,0.10743753352446461,-0.2546351512352004,-0.5807172796614262,-0.3456753155515546,-0.45520705433242603,-0.9488039341854789,0.12629173221310985,-0.21955763550674257,0.00047997530376431286,-0.48589142156212917,-0.27215697180945386,0.5335810572131239,0.4457319695112849,0.010048752599017163,0.01918501330247091,-0.5044575773669924,0.871456012712768,0.4090282115633246,-0.26838961529482597,-0.460891772586547,0.6135522745333735,-1.0,-0.41967571612951826,-0.284791956706513,-0.18609333180339016,0.20874305602290422,0.12933150520292558,-0.6052816168262353,-0.6124188087831687,0.670526054797913,-0.07465950632877649,0.037664097466141966,-0.3533976843934087,-0.4969704282805846,0.5889490273057445,-0.5480010591098174,-0.31996651778601093,-0.2146078754645221,0.16936790129949109,0.9826682126969875,1.0,-0.6302932285625005,0.20693362169441154,0.5952312250660674,0.38921024356528644,0.36249563512484495
0.2593309026312456,0.9121260461063965,0.4782213643094264,-0.11556599624882569,-0.21272203500631404,-0.34359098432898116,-0.9059872130978329,0.2661102542074485,-0.09787583238395459,0.2593221792403748,-0.296231941570397,0.8562064132574587,-0.43456824789211046,0.8267524867888654,-0.1071706612460791,-0.6537562352678826,0.14752042388714415,-0.11015349523026818,-0.10113350105066299,-0.2171474618140905,-0.27945746574358266,-0.3464759556861605,-0.10137668125927124,0.6456867091351179,-0.14392832135726397,0.21361271822693317,-0.41899884994488323,0.06778089908959695,1.0,-0.49246089905457124,0.5722035746147167,0.18019487758744046,-0.3068834173400087,-0.2662503445817689,0.060520852627587995,-0.7312623340279982,-0.5953315477434475,-0.3007040262755275,-0.05503920182724131,0.039791024865784896,0.09626254509576038,0.14347177826182977,0.536815937870847,-0.2583316781049757,0.12788809614712804,-1.0,0.6128837076149467,-0.18891824621451125,0.3209108460640717,-0.8199733955439025,-0.5914357148762133,-0.2160566307667724,0.751326793836441,0.07326429590464922,-0.24008324019151195,0.13163219118569058,0.2548702234180418,0.003401455770550621,-0.24977721160778732,-0.2505279286445703,-0.37953144567362707,-0.32099953051777386,-0.2426113294442097,-0.03414988418401421,-0.7364771100025556,0.5673726263070431,-0.45954308548595824,1.0,0.4359359523489794,-0.1078643989889776,0.7883674951574997,-0.027289055145570673,-0.3880478165531568,-0.013749781554291962,-0.17013513542010605,-0.7466458924259515,-0.15520808032651523,0.42975146069839787,0.01948216963342153,-0.23606034884447258,0.37417463313218,0.0836357696152441,-0.0619374865477651,0.28980392144745326,0.38618594088521796,-0.6001824796337978,0.16626399510492607,-0.33770513902078514,0.47903452240075706,0.033966890432774344,0.190533071944599,-0.5010497515854043,0.3239445028628074,0.18640125569964394,0.9387031843720839,-1.0,-0.13483791562507585,0.37265620467734184,-0.1024570239850251,0.2511832720546818
-0.17656634792722647,0.13463385382762372,0.19632150491121014,0.23048419045048862,-0.17334612300552477,0.006219845956023207,-1.0,0.09054635334892724,-0.8264314017124283,0.12242280178097253,-0.3417973658979606,0.8827509062628325,0.6772555295095368,-0.09532926577495282,-0.4672242043065262,-0.739296724657208,-0.43594064549271294,-0.4813640439721001,0.30462695472645485,-0.3841246816756748,-0.08546496814106708,-0.1116954632808802,-0.35017627190720846,-0.029743227765794966,-0.10015210125010154,-0.36038209043695435,0.2771834938602087,0.16812455846870522,0.22550631178556646,0.15458521684146986,-0.14370055749330835,0.05158279599781723,-0.5710133485742626,-0.8512257780195013,0.07749442548592023,-0.34289183129234135,-0.08355897669535117,-0.39872763718129334,-0.6018223728427423,-0.09483841252027425,-0.5708980211785476,-0.28588083836629574,-0.25410219343549634,0.4887840891459898,1.0,-0.9788421902578074,0.4665879513765576,-0.1273154772399656,-0.18138396654785505,-0.18437777674236688,0.38799155842050337,-0.20026122777805455,0.6984852263637547,0.051107224741577806,0.44793491083020887,0.05959448929608002,-0.1835341115039908,0.30446967230141087,-0.5072604357104658,-0.7604547387606523,-0.541672879704903,-0.24199735354599516,-0.7842399206944473,-0.5297690228431744,-1.0,0.5667340256911935,-0.2211044884245683,0.9118964659845892,-0.375331856393473,-0.08108586953269348,1.0,0.31916475806169564,-0.788784062099332,-0.5038513968666043,0.25843029920634764,-0.5011939787224136,-0.5732300861217018,-0.14769862898716624,0.3124732382865534,-0.7972479589942487,0.2825329998088757,-0.3124693698144192,-0.5868437320140537,-0.16787989489026045,0.28973528945113647,-0.15854244423014197,-0.04414297098593534,-0.44325557430935525,0.25286128184527956,0.6343714496222677,-0.11857202282218027,-0.1434527467138662,-0.097981295309026,0.3527365041163488,-0.20001939972539906,-0.20427403149412116,0.11636366869219894,-0.006738066227611084,0.09900491265047706,0.7648365495187088
0.1941257107736798,-0.25881446418210907,0.5225647451166391,-0.39057650906530705,0.23845156054188577,0.4339375406181043,-0.13039002153984403,0.5829748317808878,-0.6635170100375529,-0.24004568160663453,0.0313165978485197,0.38358738893033784,0.06995823409466029,-0.2430485306869422,0.008260621184102312,-0.20743744122402408,0.3772992574393501,-0.6540919182611781,0.16887516642428024,0.12628121098187894,0.7346511981910278,-0.2359384998046925,0.3197785613594746,1.0,0.6901394270859009,0.5324767064479565,-0.5146813197845499,-0.07285353856587873,0.035927905024992546,-0.2833364906657042,0.0963922826296073,-0.18273187286322967,0.22327530257790773,-0.40310023835322484,-1.0,-0.27551232503219103,0.28699939175389555,0.49216930406082215,0.25514479656991296,-0.12658087300453758,-0.016909187912803825,0.6414505998157003,-0.15002895838274233,0.42874714443246975,-0.30120079902077157,-0.18604773710043887,0.6078395656940625,-0.2735588604883783,0.06486236920662614,0.3149267339178463,-0.4643903488316362,-0.2793538384180293,0.6920625767401276,-0.5425244068666254,0.43108462782521295,-0.28822998933497945,-0.4637416695721992,-0.07908027060869027,-1.0,-0.6172796180836981,-0.561744035843339,0.3208721092883038,-0.32554429668981566,-0.30566677347295357,-0.4992599689757393,0.5117632771383955,-0.29421104017833755,-0.1947348753157362,0.12276739322705121,0.27343687601541133,1.0,0.48032596163817387,-0.03608589514780303,-0.041903568781591405,0.6394296192050168,-0.5195212804302727,-0.012117260951089337,0.5227231220083786,-0.13620143564467546,-0.14226636419346517,0.4618479922140344,-0.6402631865962493,-0.11733655898178807,-0.18414356553713318,-0.6568295163145146,-0.41456758781427716,-0.6171395879236,-0.8869302648827969,0.3866859149175452,-0.20282477846786873,0.24463769528174528,-0.20340689059742245,0.20803311196848262,0.34148646009052985,0.5580709686151029,-0.30463544306778956,0.363277661940288,-0.2433682722540399,-0.37145743044096047,0.4349889835153411
-0.2511414048076893,0.6060903317145507,-0.15332049334636944,-0.19203650427569052,-0.17411816845160843,-0.09928118815631082,-0.29719269110457247,0.25146435149211976,-0.44368438000756993,-0.4376777704638364,0.011359189279855464,0.4414419372202718,-0.18037623110339174,0.34473298127300867,-0.24813011754713576,-0.5337053235907281,-0.2764187714603916,-0.34946496105395497,0.06686161180049033,-0.37878133126107205,-0.1891507066802195,-0.20227230224945014,0.1271435526739979,0.65454933374987,-0.13027516841441222,0.121709148285853,-0.06237192817976145,0.011574119498982682,0.2536441153835731,-0.021834642794113734,-0.17659200849812218,0.010902155968605998,0.044896377923873576,-0.25325620621214073,-0.19107225186075105,-0.02676075442289194,0.1196086700713106,-0.2778062999812566,-0.2825541266501115,-0.14741115076760958,-0.0338997322387089,0.059835228080529435,0.1503258529654643,0.2307729898923203,1.0,-1.0,0.21704045661208826,-0.6651865413484022,0.24446146358101073,-0.0038617592631724484,0.19845815574141956,0.4074765689572075,0.4194498707023193,-0.2074688556169092,0.20583388487795995,-0.41644503588931536,-0.31607320787820237,0.3228343826164104,-0.4369703410719149,-1.0,-0.2429324592347919,-0.5195196770647131,0.049139957302278825,0.14429718086038323,-0.4593774110399401,0.2278372456541098,0.24382215822851205,0.5421143013216005,0.570379027170687,-0.4589824609993689,0.9399802740384517,0.9533135327871243,-0.38228452209696495,0.4531525005684849,-0.12600542161512274,-0.6793749430427394,-0.5489569507089965,0.8514687725606089,0.19540868017840096,-0.09916840631789947,0.2188290643452151,-0.5008559167413146,-0.26838184317061997,0.6151494751904427,0.5480984219599554,-0.04132157284339688,0.03800889342530245,-0.45727148688820207,0.9037959157148334,0.31029637595667325,0.5198132166604661,0.10377640793326992,0.5070357134577592,1.0,0.8217206036569249,-0.46861907640596123,-0.36047979946620934,0.4698973751189037,-0.2683513937110953,-0.2354624001718697
-0.27661099208327844,0.8613621237761819,0.09921883955078648,-0.2668635731806477,0.01513706624471367,0.020140749754616438,-0.494337477501964,0.5646689338944786,-0.32486283034311436,-0.4948328638940489,-0.317359010244496,0.25181713147474993,0.09547649039703487,0.21598063607507711,0.49022897348963523,-0.5010879841256306,-0.17695071085069214,-0.3341047194419091,0.31265608367784226,-0.2577774503965444,-0.3017943868523004,0.2509058294567885,0.12972523718780238,0.26590528927980195,0.32545341479159773,0.2944732666373422,0.027459743268293924,0.12992721523252415,0.05012401383276899,0.6244469672043578,0.25229846660544464,0.46024960176350005,-0.27869380870460636,-0.28050411426855415,-0.32678653041846606,0.05568955066886838,0.35025071646698325,0.17135102201206243,-0.023845720004989635,0.20889835051199213,-0.04365520382475829,0.35157871419834263,0.11251125967762188,0.7816185747563384,1.0,-1.0,0.35201096831604883,-0.03834855237276158,0.32120706509973074,-0.041587525500151434,0.13253805032357668,-0.0754825219412607,0.09695027416973412,-0.24732424279537268,0.5312789774522511,0.42556112910893873,0.1711841140417445,-0.35383359934155634,-0.32394615887580525,-0.234008387238001,0.35733428992032246,-0.302986957818867,0.031689792953811136,-0.06021470998652978,-0.7550202995920401,0.980576188402287,0.19482830107666116,0.5421738607083724,0.09270585264772979,1.0,0.9602361614721653,0.7014776007293948,0.1904464340336609,0.976030714687977,0.7578490492097876,0.13471635816971417,0.2845986562205056,-0.17241978188885265,0.1477329858542853,0.5629005667617388,-0.22906350613078375,-1.0,-0.490865411508984,0.5641229148576747,0.5619870478350506,0.2338583314065248,0.006457288690327578,0.2138864465323116,0.5974750630777177,-0.24184049181770717,-0.2781010361734051,0.3683451609598414,0.04916690994462569,0.504594157306965,0.7644828064100888,-0.20539151296526847,0.2535429472478943,0.5107469075975799,-0.4411403456449746,0.58296860593714
-0.2657921934392141,-0.3083579406743606,-0.5349126032580114,-0.3214446918599425,0.4599827588969354,-0.2213732158535735,-0.5658974283973556,-0.32653986155896,-0.6653417288416672,-0.5248054034241103,-0.14116643663736816,0.6117194099133034,-0.5369431730701639,-0.3966227073224987,-0.8079695683374996,-0.473488395625303,-0.7948553172105262,-0.839145787291806,-0.3897381373383515,-0.040937090992650416,-0.6100401238030129,-0.4203418232212244,-0.33029194256259364,-0.2905369426525045,0.326520958744992,-0.2690153190146537,0.28223799055158816,-0.2809744274608852,-0.39238833309092136,0.059313412049579295,-0.1527564068288796,-0.08345023200238699,-0.7440402718728614,-1.0,-0.28986835401843103,-0.39831500388124075,0.25905500893510136,0.1482236564812931,-0.9460669952703296,-0.16212017676750978,-0.7527067096749769,0.05945071789315337,-0.4415223046880412,-0.4245963413192151,1.0,-0.8775832787513402,0.26512734978691,-0.6926458318608614,0.0020949102773326622,-0.5768425839763072,-0.5415967788060079,0.7521188559851051,0.26390044154454984,0.041663021779976495,-0.10851664424628094,0.33604153638655965,-0.9326432832254522,-0.573666814602183,-0.5759560248978504,0.1760803028129132,0.18489058858933016,-0.5157226537668744,0.12724667672920265,-0.12166024446072321,-1.0,-0.21547267782334678,-0.014487273030025283,0.7810810951712941,-0.014649751433663427,-0.05579191594572985,0.7613448722885077,0.7824663482606249,-0.22859819009921578,-0.41728948101549446,-0.032174297378837036,-0.25994411714579824,-0.9668257397480395,0.017005287879298114,-0.05369003512889858,0.1632030420152124,-0.3990103602944066,-0.8505983525225336,0.06276781925880015,0.20223948414314452,0.16929552757459687,0.44974290564763963,-0.13257979310920753,-0.7488207740170296,0.14242182379352908,-0.15577386887624556,0.693301151225048,-0.6882020644596698,0.25771987887811654,0.9842159132944277,1.0,-0.8962133509326778,-0.3027911928474276,0.7583881099171881,-0.09374661940994056,0.8296782038150199
0.24342521555587604,1.0,0.23654743221492014,0.23205771770489858,-0.0018383214137888126,0.11585683342136166,-1.0,0.4086070187215356,0.13383929880347467,0.3580309689565315,-0.41057762614785476,0.41429546092538083,-0.44994077423427736,-0.28860704731932707,0.027725646882159394,-0.31171260764752706,0.2032483292558287,0.2014479450430431,-0.017592075115257066,0.1933650961177742,0.26490390231036653,-0.9208084190644983,0.11516337067035098,0.53510518742768,0.2104762609650761,-0.255779971129267,-0.7116499807806411,-0.004373685775731717,0.4855563448434994,-0.5972763590954423,0.4004963741891794,-0.014582744382768076,-0.10426697738862878,0.34841125226074565,-0.1044272979527755,-0.17345711057541002,-0.6257292994968711,-0.6025298973531876,-0.007704648111618861,0.12290325100079258,0.39398392169252605,0.09037895127633377,0.4094914067880946,-0.6374553334978469,-0.3422445109354114,-0.16338531932653333,0.20857549788910212,0.6139457153167798,0.37780160894181414,-0.536111553081174,-0.45271918478604645,0.5856882695503662,0.19752387556715734,-0.42000687530498426,0.34393358962219134,-0.16766321789768768,-0.016658363016467725,-0.296028194387451,-0.5638082194514498,-0.793689190452706,-0.08935908357606415,-0.3625802135613745,-0.07861447537794164,-0.7041550658748321,-0.938274215111301,-0.08924700106847461,-0.24716955317068756,0.676792630173344,0.8078170615922711,0.5798540028450376,0.6620922950161632,0.6612138523021678,-0.1837095581170871,0.5910580266303151,-0.04677936986190023,-0.08439306293974624,-0.5268950842077968,-0.2898900024091692,0.6685416132335178,0.0599233117125999,0.22068914150390295,-0.07841387525564936,0.20068836347363916,0.3390895956331006,-0.6451117352341889,-0.7543086312683638,0.2713905216010115,-1.0,0.19841618335736055,0.3948413042819716,0.2273209369371565,0.0359008240804044,-0.4026118037634707,1.0,0.5177963049358458,-0.38237558007096895,-0.6168689217012154,0.32191923967571534,-0.5036040085591799,0.49986612462027735
0.41926390436699945,1.0,0.17595553442553435,0.5221160654085581,0.14485871113823046,0.27716542335585626,-0.8793198828166979,0.47768808237885607,0.19118652732526464,0.41249373968003944,-0.31858400146455057,0.3055512485441474,-0.3660586713722006,-0.29235244486717293,0.20416975018166394,-0.3959402847294268,0.05183020919461678,0.09383746770148327,-0.06332928330343468,0.45576752311008284,0.16630829098059974,-0.766048540783739,0.05693086192146124,0.5135077041849256,0.5336081195356457,0.07888048434034389,-1.0,0.044762379850582956,0.5838170537332075,-0.5760598244222737,0.30818621881515607,0.33969630317718336,0.11791085291191572,0.33842373895573186,0.018247722179451475,-0.2947331455635942,-0.44797458103099175,-0.6958824212166024,-0.08822390529078805,0.5187702153559939,0.5221591212814292,0.04661613190975511,0.2215336882731187,-0.7089291310835004,-0.12335461028202155,0.039776843630559444,0.1390587147057063,0.5471222389259329,0.5658429851330162,-0.5390927355454719,-0.45271918478604645,0.5856882695503662,0.19752387556715734,-0.42000687530498426,0.34393358962219134,-0.16766321789768768,-0.016658363016467725,-0.296028194387451,-0.5638082194514498,-0.793689190452706,-0.08935908357606415,-0.3625802135613745,-0.07861447537794164,-0.7041550658748321,-0.938274215111301,-0.08924700106847461,-0.24716955317068756,0.676792630173344,0.8078170615922711,0.5798540028450376,0.6620922950161632,0.6612138523021678,-0.1837095581170871,0.5910580266303151,-0.04677936986190023,-0.08439306293974624,-0.5268950842077968,-0.2898900024091692,0.6685416132335178,0.0599233117125999,0.22068914150390295,-0.07841387525564936,0.20068836347363916,0.3390895956331006,-0.6451117352341889,-0.7543086312683638,0.2713905216010115,-1.0,0.19841618335736055,0.3948413042819716,0.2273209369371565,0.0359008240804044,-0.4026118037634707,1.0,0.5177963049358458,-0.38237558007096895,-0.6168689217012154,0.32191923967571534,-0.5036040085591799,0.49986612462027735
0.3921385149764023,0.378098590097687,0.025408903466070276,-0.45131469946490366,-0.6123199429286936,0.15676256739962557,-0.6037115241798092,0.30016055590266366,-0.8268735979737296,-0.8353519873740477,-0.4724356436804996,-0.1286682596261597,-0.44043400161446356,-0.05415317380630946,-0.1880906615274267,-1.0,-0.6582067893319129,0.25433209129550316,-0.09673199308315295,0.6575236924835666,0.43261187171505977,0.19922867963234658,-0.12673785340752663,-0.44491843824701205,0.601612186475081,0.06101087197659116,-0.6228563164222902,-0.07218202910449911,0.24962759055693695,-0.3618700768821157,-0.6966649565349196,-0.32995591826027915,-0.12652131552691503,-0.020210383122756248,-0.44055255236112423,-0.7589736390318882,-0.44173751288678464,-0.017496867854621345,0.1730226924096787,-0.7033427410365236,-0.15963315904764352,0.7074538494257809,-0.4108974415730048,-0.40893124200673847,-0.23908477592467958,0.1116683593459582,1.0,-0.701813993434877,0.11898606996307848,-0.9204656240455945,-0.2577133302697948,-0.15400722111844756,0.5390180548308177,-0.699591018224083,0.10743753352446461,-0.2546351512352004,-0.5807172796614262,-0.3456753155515546,-0.45520705433242603,-0.9488039341854789,0.12629173221310985,-0.21955763550674257,0.00047997530376431286,-0.48589142156212917,-0.27215697180945386,0.5335810572131239,0.4457319695112849,0.010048752599017163,0.01918501330247091,-0.5044575773669924,0.871456012712768,0.4090282115633246,-0.26838961529482597,-0.460891772586547,0.6135522745333735,-1.0,-0.41967571612951826,-0.284791956706513,-0.18609333180339016,0.20874305602290422,0.12933150520292558,-0.6052816168262353,-0.6124188087831687,0.670526054797913,-0.07465950632877649,0.037664097466141966,-0.3533976843934087,-0.4969704282805846,0.5889490273057445,-0.5480010591098174,-0.31996651778601093,-0.2146078754645221,0.16936790129949109,0.9826682126969875,1.0,-0.6302932285625005,0.20693362169441154,0.5952312250660674,0.38921024356528644,0.36249563512484495
-0.2117490968873098,0.3704111448479943,-0.8069763721309791,-0.3960485129532383,-0.5133688294362013,-0.812098480500739,-0.6464375922968845,-0.09513455826398465,-0.6353718990584794,0.49039781299515295,0.1268206090102897,-0.33023137615818743,-0.11186589297491811,-0.6171587015493345,-0.5808186642174629,-1.0,-0.049207443609928125,-0.6590401970655271,-0.2445389071709173,0.12302908565327608,-0.04288631504573415,0.25382082802138184,0.3989836586596689,-0.31949069341120784,-0.9150266627981816,-0.07979100102563441,-0.6157510921510325,0.2253993302328383,-0.6353999354044135,-0.40874555360614073,0.4548807233056442,-0.46376767632353133,1.0,0.5391288484355397,0.5499256628861284,0.13226795138509528,-0.1041315829019227,0.10681366278536109,-0.26349752309730534,0.1486942278911838,-0.4949335882153909,-0.19557639730708365,0.2646616782955753,0.40650403552499115,-0.04781123179071933,0.46436677080022837,-0.6457567846726657,0.8709118456659948,-0.25585973761263325,-0.21585860975472426,-0.4273414424736006,0.45739219593629277,0.6457028555828568,-0.968967333385167,0.030239167047802606,0.38036348008448106,-0.9507753282961072,0.30808563586657645,-0.5551285939132846,-0.39817927047963775,0.07969637740053437,-0.558987695207128,-0.6952873355286764,-0.266851185510947,-0.8514476161803559,0.8013490745700851,-0.2641474998758938,0.24761775727412294,0.1531521387174799,0.3080578059162187,0.19132634961734785,-0.12260616369619604,0.12177223510756896,0.15818904384917598,-0.3499162013045797,-0.9015856714052051,-0.4218962487518564,0.6956131201087667,1.0,-0.20143267238966556,-0.14866722258438814,-0.8154441146580437,-0.11307892912260165,-0.1538726026475995,0.11707257094100343,-0.2409734535057465,0.16909386784867397,-0.7113865875427638,0.635698010733299,0.719428550894029,0.6107982530827363,-0.41905533166246833,0.07377344034539735,-0.13107428771360374,0.7163894438617202,-1.0,0.31278677873747607,0.4724338100035612,0.3115042093566778,-0.20092509859591245
0.19028039740066505,0.9319649223286115,0.3848296126742563,0.14178595128645277,-0.39519478786695084,0.3554662148772567,-0.3916274465168308,0.37789891301861833,-1.0,0.027396615762836474,-0.1846202327496309,0.659009986466226,0.8010983436369741,0.448798842012758,-0.1723895933455165,-0.40700261134635685,0.18218768438135213,-0.2108403834491286,0.5955225276604121,-0.6044520442492354,0.13004707866859033,0.07581554001521029,0.4274890886528455,0.8338095910217047,-0.14350880846957004,-0.32018439722718495,0.04666336689059647,-0.058672288254706495,0.43531601896287864,0.06024503541403137,0.025854335458603828,0.5310349122452396,-0.14625621901377117,-0.4683715686228128,0.14503100824069648,-0.04372683206446115,0.3821469046302852,0.08054531931170117,-0.20012400024572874,0.28932281120510295,-0.1958613298609171,-0.3664068923697126,0.7042190017903398,0.38827601844396753,1.0,-0.7692889377441018,0.7810026917331396,-0.2254125882903295,-0.05004215184653449,-0.244290606723082,-0.5301494286240511,-0.009290508719276946,0.018357254949545654,-0.814286438692179,-0.17190132653340862,-0.489684733754851,0.0501866992121478,-0.2737832168507125,-1.0,-0.6213341989593529,-0.03343197554943622,-0.19643311245713346,-0.5512463774249261,-0.6552196189725876,-0.8486533650830022,0.4313297983411368,0.1786807924606102,0.5041508197163542,-0.20073850654944114,-0.45793827082053506,1.0,0.29683759861186765,-0.5693810907074863,0.5061088686938473,0.047676818711090085,-0.43351277406044486,-0.9086805276022222,-0.4728807611983452,-0.3363544133038622,-0.6332565554903324,-0.5454379735777997,-0.12671287250895447,-0.7404266937745264,0.20130823727093894,-0.3488826515654304,-0.23473709887066685,-0.6232026643920683,-0.5091566393029083,0.44893873407754015,-0.3866484939642323,0.5034803090179605,-0.00968068377501774,0.3803977338704625,0.6340518305913105,0.8622508965235995,-0.8577061464547436,-0.6953066418550405,0.32414972806789466,0.03266625060538586,-0.009210305792462736
0.6565935785410686,0.007284196263387388,0.8240141314067622,-0.5774492401165168,-0.4433637169357646,0.6391620104745499,-0.17563761897000707,0.5313624946840192,-0.7695398727986582,-0.14315892652249784,-0.45419139382537443,-0.08820852686247305,-0.41697250032207767,-0.6509325491435526,-0.17344400662633175,-0.20313079727813232,0.2749283770796429,-0.635141346428364,0.3666294823626959,0.8523365367388989,0.8039811577881324,0.03724212000879423,0.5300673503940021,1.0,0.9205495631762048,-0.05810573478066072,-0.7248656776847509,0.3489562298990845,0.05162965082197357,-0.4102976726319082,-0.19270002878064219,-0.2947054465606386,0.0960285084109278,-0.06602744557787332,-1.0,-0.6820251994383242,0.47754307002253427,0.48513618726718377,0.2313415446684821,0.004495751646693469,-0.4619955552944617,0.313895414516258,-0.23153273035451016,0.6364742685141238,-0.7167968544752168,-0.12891007536910526,0.23151539494618834,-0.5861442356812095,0.2652756793234776,-0.215294000591584,-0.4643903488316362,-0.2793538384180293,0.6920625767401276,-0.5425244068666254,0.43108462782521295,-0.28822998933497945,-0.4637416695721992,-0.07908027060869027,-1.0,-0.6172796180836981,-0.561744035843339,0.3208721092883038,-0.32554429668981566,-0.30566677347295357,-0.4992599689757393,0.5117632771383955,-0.29421104017833755,-0.1947348753157362,0.12276739322705121,0.27343687601541133,1.0,0.48032596163817387,-0.03608589514780303,-0.041903568781591405,0.6394296192050168,-0.5195212804302727,-0.012117260951089337,0.5227231220083786,-0.13620143564467546,-0.14226636419346517,0.4618479922140344,-0.6402631865962493,-0.11733655898178807,-0.18414356553713318,-0.6568295163145146,-0.41456758781427716,-0.6171395879236,-0.8869302648827969,0.3866859149175452,-0.20282477846786873,0.24463769528174528,-0.20340689059742245,0.20803311196848262,0.34148646009052985,0.5580709686151029,-0.30463544306778956,0.363277661940288,-0.2433682722540399,-0.37145743044096047,0.4349889835153411
0.3511445577141261,0.22447382762678436,-0.23632991559176464,-0.07997190896588569,-0.14205202886469792,-0.31532885868315175,-0.13707331693392133,-0.7876608333715894,-1.0,0.11287444148730885,-0.17246561047228115,-0.29554570215416043,-0.6124733127478261,-0.16586676271903078,-0.53191290595609,-0.5545037479199938,0.25020883928689064,-0.21140969387574549,-0.7335600444659398,-0.18340755464779002,-0.03222828522308785,-0.10487959994446272,0.4800446945362089,-0.6216128865165229,-0.5175646069440465,-0.5095361830446306,-0.6007497366902528,-0.2630112260114422,0.535013282108429,-0.3197966278765678,-0.7995532502230597,0.0024617534698121446,0.7635913639547585,0.4995039531606569,0.8147668085408093,0.05870820687529288,-0.14885394668404806,-0.37847200923884516,0.04234237764334314,0.14930551989727148,-0.15434008935755705,0.14373232970649696,-0.4965097406297466,0.0008815026491524325,0.050857717901853894,-0.07526819702502463,-0.8815710855582105,1.0,-0.9719819335254336,0.2804957164171089,-0.4273414424736006,0.45739219593629277,0.6457028555828568,-0.968967333385167,0.030239167047802606,0.38036348008448106,-0.9507753282961072,0.30808563586657645,-0.5551285939132846,-0.39817927047963775,0.07969637740053437,-0.558987695207128,-0.6952873355286764,-0.266851185510947,-0.8514476161803559,0.8013490745700851,-0.2641474998758938,0.24761775727412294,0.1531521387174799,0.3080578059162187,0.19132634961734785,-0.12260616369619604,0.12177223510756896,0.15818904384917598,-0.3499162013045797,-0.9015856714052051,-0.4218962487518564,0.6956131201087667,1.0,-0.20143267238966556,-0.14866722258438814,-0.8154441146580437,-0.11307892912260165,-0.1538726026475995,0.11707257094100343,-0.2409734535057465,0.16909386784867397,-0.7113865875427638,0.635698010733299,0.719428550894029,0.6107982530827363,-0.41905533166246833,0.07377344034539735,-0.13107428771360374,0.7163894438617202,-1.0,0.31278677873747607,0.4724338100035612,0.3115042093566778,-0.20092509859591245
0.6764506888805168,0.5402662193890224,0.04028792319366503,-0.5138014819572998,1.0,0.5822148215011342,-0.4567780356033384,0.21185600858650488,-0.5057739199000792,0.11364782953930685,-0.10979114287950231,0.10919046380780006,-0.817619767063941,-0.3202957394487791,0.1501975605666035,0.12485928619503261,0.2939580672906128,-0.4964832303401122,0.06956976676557436,0.7813497282346809,0.41305162997278533,0.06874347969915906,0.9657873610557011,0.8338948149677303,0.5370932043157282,0.837242539550134,-0.27584383968032344,-0.18101247209134974,0.143868106895362,-0.03105988408449678,-0.13024209794274333,0.6926309242151862,-0.603727569641713,-0.4189614876492255,-1.0,-0.3019620341375705,0.6035172461487424,0.12610423613155786,0.35104544046474184,-0.3716468358358953,-0.8682298729592237,0.27557159140124465,-0.3548430408018475,-0.20300897801774964,0.6668429855024294,-0.4403332464587343,0.4439054070265098,-0.5329675816063497,0.17963145367066335,-0.14859902552583515,-0.5415967788060079,0.7521188559851051,0.26390044154454984,0.041663021779976495,-0.10851664424628094,0.33604153638655965,-0.9326432832254522,-0.573666814602183,-0.5759560248978504,0.1760803028129132,0.18489058858933016,-0.5157226537668744,0.12724667672920265,-0.12166024446072321,-1.0,-0.21547267782334678,-0.014487273030025283,0.7810810951712941,-0.014649751433663427,-0.05579191594572985,0.7613448722885077,0.7824663482606249,-0.22859819009921578,-0.41728948101549446,-0.032174297378837036,-0.25994411714579824,-0.9668257397480395,0.017005287879298114,-0.05369003512889858,0.1632030420152124,-0.3990103602944066,-0.8505983525225336,0.06276781925880015,0.20223948414314452,0.16929552757459687,0.44974290564763963,-0.13257979310920753,-0.7488207740170296,0.14242182379352908,-0.15577386887624556,0.693301151225048,-0.6882020644596698,0.25771987887811654,0.9842159132944277,1.0,-0.8962133509326778,-0.3027911928474276,0.7583881099171881,-0.09374661940994056,0.8296782038150199
-0.18310304325459725,0.25887281867853895,0.07250441876352998,-0.4815318374408315,-0.628378102681991,0.2597350004158181,-0.4407469425256785,0.3090092166187486,-1.0,-0.123217744143717,-0.44875825615587206,0.6002329356849763,0.6790018894701229,0.4899506815361505,-0.1419038971774137,-0.46133979316221396,-0.09037619399699226,-0.0691958631040025,0.4979793955929097,-0.792300647424186,0.1174404164766436,-0.2044875267007894,0.011463568274774572,0.7114402489387286,-0.2290774458415693,-0.412505758701599,0.37596324589300356,-0.534623055119491,0.35045322936107914,-0.25018780009602937,0.18922869787220287,0.25458450697363477,-0.5348499046129864,-0.4218936827691755,-0.27760754577357205,-0.5069922627398862,-0.13976103349614988,-0.4179395979419922,-0.3322782496349781,-0.07667427174235764,-0.4705155950408523,-0.717866820315846,0.38119444744731634,0.36402323460866937,0.9652864585958756,-0.7623337332062621,1.0,-0.6585949003476372,-0.20598702850328443,-0.42851660873924846,0.45391333380873644,-0.20237152998849517,0.3165356929219538,-0.04689565718109023,0.4463826377107385,0.20081111458881473,-0.21342754709904743,0.11969611111242373,-1.0,-0.424506276439939,-0.657486013759478,-0.017279022215822892,-0.8088540273975511,-0.6414228140282052,-0.9378892729734792,-0.06022822126335192,-0.2879223576914023,1.0,0.47727698117977924,0.4257505725912718,0.6471985443953288,0.01372778784681139,-0.622814545580463,-0.350329272708383,-0.2779853639704304,-0.0351384821912778,-0.2090404232710531,-0.41710905358170747,-0.15180533566595644,-0.17572929315366292,-0.11253891070693456,-0.598347660159325,-0.9262460373883041,0.06947932988222827,-0.49588432002576954,0.2308392189959827,-0.08407770844401363,-0.8011990006213516,0.8344962052937797,0.01912205579431725,-0.1422696636203047,0.348822099839744,-0.1499902670843779,0.16929324961487047,0.5881629483437303,-0.8570797673784245,-0.36177638676785806,-0.354233931818525,-0.5160934423117549,0.38213884042178137
-0.26726432770006925,0.7280635083268499,-0.15934187008790845,0.6585248340255523,0.06383602493309781,0.9463123530020721,-0.559715972308273,0.48204396760226564,0.0020856330213541163,0.02087376130144003,-0.15282085514279176,0.045607295297921846,0.12607441814745002,-1.0,0.19324544895182938,0.113840717775753,-0.18193133794992233,-0.025808952859624146,0.29146127976512015,0.042265934937935956,0.9306055850376433,-0.7429967340603194,0.12416369666970106,1.0,0.6200035878436874,-0.3933048071496412,-0.6592801661502425,-0.0909814855646306,-0.4378077960887372,-0.0507967078873498,0.02395040361341838,0.08403390499012331,0.4701764813661504,0.8266259056689145,-0.3287350514737921,0.5715409463059042,0.050721082195064104,-0.8773454071850229,-0.16995765358538029,0.43686747904133894,0.6249574093912487,0.3697744585234506,0.1540133192159514,-0.4362797734788233,0.6346373167234605,0.16168981887870637,0.018696743893614753,0.54866731123089,0.9200613849746087,0.1673784457088896,0.5386156235663193,0.45160566676093317,0.6307402001216611,-0.19678256040327124,-0.41040711926679385,-0.7536755400244679,-0.7961539719740554,0.27579841752859746,-0.4650815652901278,-1.0,-0.5628509358665991,-0.2861329887681936,-0.32876865249994025,-0.3137047495394981,-0.33093414305573265,0.1786374864373319,-0.13830561938751595,-0.006127417100731503,0.811556012102959,-0.8524058676759791,0.3737513925915723,0.8703362444565272,0.09332784762530766,0.03791682621189674,-0.7087608548627966,-0.791791198686661,-0.9575370777064977,1.0,-0.4144536430909439,-0.01711792887574204,0.3712755234303986,-0.8130539877072386,-0.1465203759855872,0.04690952572285867,0.19267909840301245,0.18326922291335923,-0.10393704383499003,-0.4655398974943028,0.8785830544383266,-0.17885492533074765,-0.0858719448805828,-0.4421384017273031,0.0011810193227008714,0.8381380455421608,0.3171463072763496,-0.03331572427913054,-0.18886157965345962,0.34119562853707497,-0.7248912528694165,-0.03153118967850821
0.06306034067652044,0.255434756402787,-0.2777601452289301,-0.43830852971305245,-0.38075636630004595,-0.25777401872289984,-0.4175574631430681,-0.4776223409598941,-0.8838565209271083,-0.028767413261180375,-0.1801576901002344,0.5113871376319101,0.16237873414115978,-0.3111703311186421,0.3608073756429371,-0.40353392630649443,-0.7193304410512353,-0.14069959093226658,-0.28189325130945164,-0.08052293539483579,1.0,0.09886887470394323,0.19346250210767546,0.5664280207716392,0.2851164375915096,-0.04289721435185945,-0.6225046303064503,-0.6306372564675398,0.6713191624203716,-0.11670230256484038,-0.060528028605777995,-0.1980803657868433,-0.405828775030059,-0.028561259491415858,-1.0,-0.7494900220077203,-0.228524041717047,-0.11211186228920922,0.01219584228724302,0.05209694531935316,-0.06425241280572425,-0.2897359824291701,-0.7297659350788648,0.1033130239182447,-0.0030565516728551234,-0.8264008568779273,0.053162010114124136,-0.2350678481164422,-0.22235278669997682,0.016450171008937975,-0.2577133302697948,-0.15400722111844756,0.5390180548308177,-0.699591018224083,0.10743753352446461,-0.2546351512352004,-0.5807172796614262,-0.3456753155515546,-0.45520705433242603,-0.9488039341854789,0.12629173221310985,-0.21955763550674257,0.00047997530376431286,-0.48589142156212917,-0.27215697180945386,0.5335810572131239,0.4457319695112849,0.010048752599017163,0.01918501330247091,-0.5044575773669924,0.871456012712768,0.4090282115633246,-0.26838961529482597,-0.460891772586547,0.6135522745333735,-1.0,-0.41967571612951826,-0.284791956706513,-0.18609333180339016,0.20874305602290422,0.12933150520292558,-0.6052816168262353,-0.6124188087831687,0.670526054797913,-0.07465950632877649,0.037664097466141966,-0.3533976843934087,-0.4969704282805846,0.5889490273057445,-0.5480010591098174,-0.31996651778601093,-0.2146078754645221,0.16936790129949109,0.9826682126969875,1.0,-0.6302932285625005,0.20693362169441154,0.5952312250660674,0.38921024356528644,0.36249563512484495
-0.10595662433978836,0.4579805443659972,-0.05076100808112505,-0.21048296997218663,-0.39862505595119335,0.10386126053101963,-0.5969510009759686,0.22067027089810565,-0.9618198853873984,-0.10843119486959063,-0.36979359275488943,0.40080234830493566,0.22213328090303341,0.29389117030164047,-0.14906834253239087,-0.5033379242069413,-0.1170004860141346,-0.4446917834066686,0.23186839116259716,-0.6732759731892128,-0.0951465368191593,-0.07763000170996626,0.08546420525705245,0.7128387988593556,-0.34014297261718607,-0.2987989638136308,0.0026730236068546187,-0.09299716670280789,0.2679700166048369,-0.12308919134602503,-0.21285141828426735,0.1427986329666675,-0.35359821681267867,-0.48327729216196835,-0.21236749369585828,-0.20261181290308816,0.05183525540351308,-0.48094262461096593,-0.33493324996085805,0.0746764448114694,-0.2106564064661567,-0.25364416881416385,0.10167603306506168,0.18009613532810698,1.0,-1.0,0.42312516278970325,-0.6839997965448902,0.15726832822593195,-0.16480218450923478,0.19845815574141956,0.4074765689572075,0.4194498707023193,-0.2074688556169092,0.20583388487795995,-0.41644503588931536,-0.31607320787820237,0.3228343826164104,-0.4369703410719149,-1.0,-0.2429324592347919,-0.5195196770647131,0.049139957302278825,0.14429718086038323,-0.4593774110399401,0.2278372456541098,0.24382215822851205,0.5421143013216005,0.570379027170687,-0.4589824609993689,0.9399802740384517,0.9533135327871243,-0.38228452209696495,0.4531525005684849,-0.12600542161512274,-0.6793749430427394,-0.5489569507089965,0.8514687725606089,0.19540868017840096,-0.09916840631789947,0.2188290643452151,-0.5008559167413146,-0.26838184317061997,0.6151494751904427,0.5480984219599554,-0.04132157284339688,0.03800889342530245,-0.45727148688820207,0.9037959157148334,0.31029637595667325,0.5198132166604661,0.10377640793326992,0.5070357134577592,1.0,0.8217206036569249,-0.46861907640596123,-0.36047979946620934,0.4698973751189037,-0.2683513937110953,-0.2354624001718697
-0.33843633211632074,-0.3803573363030669,-0.48064612904706827,0.08109693120380479,-0.3109575679949699,-0.9106417525850948,0.030969338313105776,-0.06765878178361973,-0.13900752690343443,0.4452348371882797,0.7236640113564579,0.8524900781754323,0.04147978724259982,-0.8937948797262311,0.36794203833431616,-0.5983452799186526,-0.6902159101429503,0.04463294057617606,0.5770947318037929,-0.21451363683366764,0.5490779257024254,-0.6986063350068539,0.22306953942980412,-0.5877780760263807,-0.5674649066230817,-0.1945146612491112,0.5054809843333736,-0.18228675195676336,0.010058153726779873,0.4420901283486476,-1.0,-0.2466838189127366,-0.7017538406885167,0.394222151479128,-0.28626545818412064,-0.2825161216186398,1.0,-0.00917711293659218,-0.20958102781896792,-0.12418993481179119,-0.5505871977398742,0.9186783906326785,0.2915714853735287,-0.7456295649501167,-0.4461446567335864,-0.3830742962593302,-0.8693303541867136,0.8082333578490439,-0.09491736623148284,-0.05500767115937333,-0.4273414424736006,0.45739219593629277,0.6457028555828568,-0.968967333385167,0.030239167047802606,0.38036348008448106,-0.9507753282961072,0.30808563586657645,-0.5551285939132846,-0.39817927047963775,0.07969637740053437,-0.558987695207128,-0.6952873355286764,-0.266851185510947,-0.8514476161803559,0.8013490745700851,-0.2641474998758938,0.24761775727412294,0.1531521387174799,0.3080578059162187,0.19132634961734785,-0.12260616369619604,0.12177223510756896,0.15818904384917598,-0.3499162013045797,-0.9015856714052051,-0.4218962487518564,0.6956131201087667,1.0,-0.20143267238966556,-0.14866722258438814,-0.8154441146580437,-0.11307892912260165,-0.1538726026475995,0.11707257094100343,-0.2409734535057465,0.16909386784867397,-0.7113865875427638,0.635698010733299,0.719428550894029,0.6107982530827363,-0.41905533166246833,0.07377344034539735,-0.13107428771360374,0.7163894438617202,-1.0,0.31278677873747607,0.4724338100035612,0.3115042093566778,-0.20092509859591245
0.3186559885398954,-0.34327636656607474,0.1615752735096192,0.03257915075274287,0.1536065752262148,-0.799996706502267,0.45014623725506286,0.023488402266498953,-0.529588215476762,-0.3327870139102198,0.8125023499223363,0.06253481103996217,0.5955239256898452,0.15950582942281288,0.844845604900742,0.14103000684612277,0.2658373229012505,0.024800381280657202,0.2732940366138872,-0.1510626291886339,-0.13401546030289435,-0.14082761518046305,-0.3257559402750374,0.3822951557415868,0.5414002415267407,0.500630137703403,-0.04614744265198967,-0.198144997253343,0.360881571472053,0.7563660600267794,-0.17130751201791905,0.5862651606096871,0.08094248316226604,0.4297642694682775,-0.3746697906738674,0.4686949687925819,-1.0,-0.16013638222873716,0.01001336248689122,-0.7417763735664527,-0.06443045637957046,0.678461842476,0.1187233903870295,0.06499662758708835,0.24007622971674225,-0.3415428713900952,1.0,-0.8616305331285766,0.37469852468516374,0.28176543542342025,0.02525694095969211,0.32698306314207537,0.5467658537668354,-0.19151462028995192,-0.46427998520119307,0.11016083239643382,-0.7511463353093858,0.3745698058729685,-0.4192958719926305,-1.0,-0.3111467511665569,-0.04822528124131009,-0.7351327840253143,-0.5459719653305035,-0.1121975859082317,0.22998523134656046,0.2710361452827541,0.8534046029177551,0.4652533306019362,0.35140951333799286,1.0,0.28817891219751424,-0.3557298443810396,0.6557575866322141,0.3152480926839525,-0.49326118127467733,-0.4863319645465545,0.4619152720779587,-0.2116765881640923,-0.4582024084259595,-0.5743811844113689,-0.957395892910214,-0.26626722972351846,0.5079962084912351,-0.3794522010810193,-0.08345688384231154,0.2678376886749152,-0.6765038618410195,-0.11465783790953599,-0.037671156974183884,-0.40746104863299637,-0.5436516196561438,0.3571796527172808,0.16071051800891234,0.5740999478566626,-0.044451545937737036,-0.46954578850887063,-0.025366957335776208,-0.22231427840436035,0.16567195521026834
0.725409780753943,0.6327326487809168,0.4698509679999048,0.15466113413480875,0.050302250274591565,-0.09529727337780136,-0.6486275080727015,0.690233774635391,0.10058123517960871,0.3161323033471932,0.04614947249816037,0.6937097429489201,-0.35605317737061104,0.3587033699647595,-0.08297753142174358,-0.4933227573751071,0.3221078408149596,-0.04990264452440363,-0.04940151212747912,0.5702317604859117,0.08858740920819752,-0.21963638215768178,0.22307874977485476,0.6393976355299744,0.8334144878125072,0.5716385727937416,-1.0,-0.005613525579342138,1.0,-0.7478081354248151,0.21391431674902228,0.029739223114827906,0.0563499857379548,0.013581564568095228,-0.04902818982034718,-0.7885529685058158,-0.2350446539482134,0.00949340821424527,0.3040724212690964,0.1998547563349975,0.3705580658808545,0.6116447395182301,0.343290159794748,-0.07796028682558054,-0.006510502339063806,-0.5062090205360856,0.330742118585752,-0.4032267715758906,0.4218436836535995,-0.41301821068989186,-0.45271918478604645,0.5856882695503662,0.19752387556715734,-0.42000687530498426,0.34393358962219134,-0.16766321789768768,-0.016658363016467725,-0.296028194387451,-0.5638082194514498,-0.793689190452706,-0.08935908357606415,-0.3625802135613745,-0.07861447537794164,-0.7041550658748321,-0.938274215111301,-0.08924700106847461,-0.24716955317068756,0.676792630173344,0.8078170615922711,0.5798540028450376,0.6620922950161632,0.6612138523021678,-0.1837095581170871,0.5910580266303151,-0.04677936986190023,-0.08439306293974624,-0.5268950842077968,-0.2898900024091692,0.6685416132335178,0.0599233117125999,0.22068914150390295,-0.07841387525564936,0.20068836347363916,0.3390895956331006,-0.6451117352341889,-0.7543086312683638,0.2713905216010115,-1.0,0.19841618335736055,0.3948413042819716,0.2273209369371565,0.0359008240804044,-0.4026118037634707,1.0,0.5177963049358458,-0.38237558007096895,-0.6168689217012154,0.32191923967571534,-0.5036040085591799,0.49986612462027735
-0.40282990386003426,0.7376994813860345,-0.14325088216473314,0.15946620636124087,-0.08692561727252623,0.04034042163236817,-0.44190054311322613,-0.3160460121540595,0.1447839875706669,-0.6471580955554458,0.19545686187238642,0.29514608969702816,0.47681873860054647,0.5545615671815844,-0.1486660089139592,0.4359907064348718,-0.5829402943519179,0.5632528979153713,0.6025600461501228,0.21299344163508405,0.32235913802183225,-0.4779966561792335,-0.6055430768284145,0.25638583853428343,0.052655733726011844,0.04969081460585656,-0.4487238366879769,-0.3381086643300649,1.0,-0.04168293357832187,-0.21979474550774203,0.7107837116962876,-0.06934523570555251,-0.6066801981375645,-0.08795955686255552,-0.3699980519388244,0.03644813826544091,0.4440099288220716,-0.19023825954293294,0.4125040357588359,0.18682367855403914,-1.0,-0.6026326857843421,0.35376125641745326,-0.2051307519386012,0.058453095758677964,-0.28364440901295795,0.41392309463171606,0.09896558647122733,0.585318451524296,-0.2577133302697948,-0.15400722111844756,0.5390180548308177,-0.699591018224083,0.10743753352446461,-0.2546351512352004,-0.5807172796614262,-0.3456753155515546,-0.45520705433242603,-0.9488039341854789,0.12629173221310985,-0.21955763550674257,0.00047997530376431286,-0.48589142156212917,-0.27215697180945386,0.5335810572131239,0.4457319695112849,0.010048752599017163,0.01918501330247091,-0.5044575773669924,0.871456012712768,0.4090282115633246,-0.26838961529482597,-0.460891772586547,0.6135522745333735,-1.0,-0.41967571612951826,-0.284791956706513,-0.18609333180339016,0.20874305602290422,0.12933150520292558,-0.6052816168262353,-0.6124188087831687,0.670526054797913,-0.07465950632877649,0.037664097466141966,-0.3533976843934087,-0.4969704282805846,0.5889490273057445,-0.5480010591098174,-0.31996651778601093,-0.2146078754645221,0.16936790129949109,0.9826682126969875,1.0,-0.6302932285625005,0.20693362169441154,0.5952312250660674,0.38921024356528644,0.36249563512484495
0.18390800920789552,-0.11472670581206734,0.3593283671672607,0.3727299962304933,0.19458573571352233,0.6515214239322729,-0.5169353475725236,0.230813978051992,-0.06030391425496151,0.05198849348083279,0.2125899872061563,0.1869567120857587,-0.6421962508788459,-0.11043722686855473,-1.0,-0.7774278387923113,-0.08420567012482061,0.7363269084816935,0.7280524951314749,-0.028103212757687124,0.18909117159043687,0.13294056496252993,0.2294204726054776,-0.25701012275724433,-0.43894958861498556,0.8776530951453265,0.38143992236168045,-0.30165477522206396,-0.15531346777638788,0.11044527235368085,0.11699015108524247,-0.02618216224850556,0.15428407260486976,-0.3136140307625468,-0.11274371386666848,0.14408049878048335,0.07301987570514701,0.018656446903785318,0.15341799531028766,0.4346309992723738,-0.195879201112927,-0.3147759199457073,0.5723404661551341,0.6539103915268489,0.0625260361928559,0.3453542060377375,0.08635133926537253,1.0,-0.34978183382520667,-0.3258070796962309,-0.4273414424736006,0.45739219593629277,0.6457028555828568,-0.968967333385167,0.030239167047802606,0.38036348008448106,-0.9507753282961072,0.30808563586657645,-0.5551285939132846,-0.39817927047963775,0.07969637740053437,-0.558987695207128,-0.6952873355286764,-0.266851185510947,-0.8514476161803559,0.8013490745700851,-0.2641474998758938,0.24761775727412294,0.1531521387174799,0.3080578059162187,0.19132634961734785,-0.12260616369619604,0.12177223510756896,0.15818904384917598,-0.3499162013045797,-0.9015856714052051,-0.4218962487518564,0.6956131201087667,1.0,-0.20143267238966556,-0.14866722258438814,-0.8154441146580437,-0.11307892912260165,-0.1538726026475995,0.11707257094100343,-0.2409734535057465,0.16909386784867397,-0.7113865875427638,0.635698010733299,0.719428550894029,0.6107982530827363,-0.41905533166246833,0.07377344034539735,-0.13107428771360374,0.7163894438617202,-1.0,0.31278677873747607,0.4724338100035612,0.3115042093566778,-0.20092509859591245
0.08240522251427307,0.5002890696219517,0.0880935526772002,-0.1383481959783296,-0.1618913863921172,0.054423259634142074,-0.15545038683107093,0.29889460361129294,-0.9229977755322827,-0.3559765974316199,-0.42412542940418396,0.4108558466101906,0.059362043768805384,0.39173509081821734,0.023396343562294364,-0.8646302460721291,-0.529676680895437,-0.2567546385581868,0.1403836385269821,-0.6021181666005615,-0.32438625809546273,0.3038566367713942,-0.09793792240555499,0.49419139239733645,0.07236765354498709,0.08190283748186689,0.09879511910142602,-2.9342338729310136e-05,0.1200424619854068,0.5016331741212516,-0.05629128124181926,0.5303427431129222,0.01695006400692023,-0.779319461368057,-0.20169286070390635,-0.47999876183304646,0.13147749053013058,-0.3659991347814049,-0.41744728743811443,0.15368006714395555,-0.3195787030322874,-0.1443585634586365,0.07634463832842475,0.3895376662819503,1.0,-1.0,0.49367060327843926,-0.49287815650532696,0.1324700676843682,-0.5091739200421299,0.5656552896032194,-0.30914449890090767,0.4205171558652747,-0.16418381755902078,-0.09113717178963221,0.5275220330436723,-0.6934698834317087,-0.21477962193785283,-0.6816482733881077,-0.4259288751270093,-0.33985832242019465,0.37218323129327224,-0.5419212164510578,-0.5093016585295248,-1.0,0.11906927233803333,-0.6413743384860503,0.8424697214513155,-0.04975195722647707,0.18420215078450775,1.0,-0.005346865432532044,-0.5141607211214656,0.3291087940869981,0.3615809932217726,-0.05767439730545365,-0.6907952498553191,-0.35022033145872844,-0.060132878973645276,-0.5387364428508712,-0.3105703518944919,-0.4491898561085361,-0.8268192875323892,-0.006499051370690734,-0.5432453762579347,-0.5463005737921209,0.06100864533943562,-0.09467734443320952,0.8776395795932672,0.1592558257242651,-0.11182636957228598,0.20268530407311358,0.1151144428419153,0.2462644041916866,0.4242589110239601,-0.5883972898730769,0.21863541026526878,-0.41173457598463636,0.04305608931879035,0.7626403175667615
